{"cameraMode":{"drawMode":0,"name":"Shaded","section":"Shading Mode"},"sceneLighting":false,"audioPlay":false,"sceneViewState":{"m_AlwaysRefresh":false,"showFog":true,"showSkybox":false,"showFlares":true,"showImageEffects":true,"showParticleSystems":true,"showVisualEffectGraphs":true,"m_FxEnabled":true},"in2DMode":false,"pivot":{"x":-0.18091309070587159,"y":0.8862568736076355,"z":-2.276479959487915},"rotation":{"x":-0.08866599202156067,"y":0.03771442174911499,"z":0.0026784082874655725,"w":-0.9961029291152954},"size":0.24645018577575684,"orthographic":false}