{"cameraMode":{"drawMode":31,"name":"Sprite Mask","section":"Miscellaneous"},"sceneLighting":false,"audioPlay":false,"sceneViewState":{"m_AlwaysRefresh":false,"showFog":true,"showSkybox":false,"showFlares":true,"showImageEffects":true,"showParticleSystems":true,"showVisualEffectGraphs":true,"m_FxEnabled":true},"in2DMode":false,"pivot":{"x":-0.08353674411773682,"y":0.39999866485595705,"z":0.007892906665802002},"rotation":{"x":-0.07208312302827835,"y":0.057159870862960818,"z":-0.00522910850122571,"w":-0.9959936738014221},"size":1.5923981666564942,"orthographic":false}