{"cameraMode":{"drawMode":31,"name":"Sprite Mask","section":"Miscellaneous"},"sceneLighting":false,"audioPlay":false,"sceneViewState":{"m_AlwaysRefresh":false,"showFog":true,"showSkybox":false,"showFlares":true,"showImageEffects":true,"showParticleSystems":true,"showVisualEffectGraphs":true,"m_FxEnabled":true},"in2DMode":false,"pivot":{"x":1.5232874155044556,"y":1.0328190326690674,"z":-2.3840670585632326},"rotation":{"x":0.184923455119133,"y":0.06696797162294388,"z":-0.011559131555259228,"w":0.9806594252586365},"size":2.1923980712890627,"orthographic":false}