{"cameraMode":{"drawMode":0,"name":"Shaded","section":"Shading Mode"},"sceneLighting":false,"audioPlay":false,"sceneViewState":{"m_AlwaysRefresh":false,"showFog":true,"showSkybox":false,"showFlares":true,"showImageEffects":true,"showParticleSystems":true,"showVisualEffectGraphs":true,"m_FxEnabled":true},"in2DMode":false,"pivot":{"x":4.664384365081787,"y":3.2422189712524416,"z":1.7780475616455079},"rotation":{"x":-0.32805976271629336,"y":-0.2163836807012558,"z":0.07747383415699005,"w":-0.9162922501564026},"size":11.305159568786621,"orthographic":false}