{"cameraMode":{"drawMode":0,"name":"Shaded","section":"Shading Mode"},"sceneLighting":true,"audioPlay":false,"sceneViewState":{"m_AlwaysRefresh":false,"showFog":true,"showSkybox":true,"showFlares":true,"showImageEffects":true,"showParticleSystems":true,"showVisualEffectGraphs":true,"m_FxEnabled":true},"in2DMode":false,"pivot":{"x":52.631404876708987,"y":-6.845246315002441,"z":174.90274047851563},"rotation":{"x":-0.03901248052716255,"y":0.20698018372058869,"z":-0.02171136997640133,"w":-0.9782455563545227},"size":60.62177658081055,"orthographic":false}