{"cameraMode":{"drawMode":0,"name":"Shaded","section":"Shading Mode"},"sceneLighting":true,"audioPlay":false,"sceneViewState":{"m_AlwaysRefresh":false,"showFog":true,"showSkybox":true,"showFlares":true,"showImageEffects":true,"showParticleSystems":true,"showVisualEffectGraphs":true,"m_FxEnabled":true},"in2DMode":false,"pivot":{"x":23.846269607543947,"y":2.781341075897217,"z":183.32228088378907},"rotation":{"x":-0.042814310640096667,"y":-0.019099459052085878,"z":0.00018516095587983727,"w":0.9998282194137573},"size":4.756575107574463,"orthographic":false}