{"cameraMode":{"drawMode":0,"name":"Shaded","section":"Shading Mode"},"sceneLighting":true,"audioPlay":false,"sceneViewState":{"m_AlwaysRefresh":false,"showFog":true,"showSkybox":true,"showFlares":true,"showImageEffects":true,"showParticleSystems":true,"showVisualEffectGraphs":true,"m_FxEnabled":true},"in2DMode":false,"pivot":{"x":25.08664321899414,"y":1.667849063873291,"z":181.07485961914063},"rotation":{"x":0.05881808325648308,"y":-0.46700143814086916,"z":-0.044560838490724567,"w":-0.8821520209312439},"size":0.8660253882408142,"orthographic":false}