{"cameraMode":{"drawMode":0,"name":"Shaded","section":"Shading Mode"},"sceneLighting":true,"audioPlay":false,"sceneViewState":{"m_AlwaysRefresh":false,"showFog":true,"showSkybox":true,"showFlares":true,"showImageEffects":true,"showParticleSystems":true,"showVisualEffectGraphs":true,"m_FxEnabled":true},"in2DMode":false,"pivot":{"x":5.042167663574219,"y":1.2963629961013795,"z":0.0006033340469002724},"rotation":{"x":0.09936630725860596,"y":0.6892541646957398,"z":-0.09421361982822418,"w":0.712792694568634},"size":0.1907951384782791,"orthographic":false}