{"cameraMode":{"drawMode":0,"name":"Shaded","section":"Shading Mode"},"sceneLighting":true,"audioPlay":false,"sceneViewState":{"m_AlwaysRefresh":false,"showFog":true,"showSkybox":true,"showFlares":true,"showImageEffects":true,"showParticleSystems":true,"showVisualEffectGraphs":true,"m_FxEnabled":true},"in2DMode":false,"pivot":{"x":-0.9902459383010864,"y":2.8747050762176515,"z":2.8773252964019777},"rotation":{"x":-0.010891756974160672,"y":0.7456750273704529,"z":-0.028712723404169084,"w":-0.6668567657470703},"size":3.7534632682800295,"orthographic":false}