{"cameraMode":{"drawMode":0,"name":"Shaded","section":"Shading Mode"},"sceneLighting":true,"audioPlay":false,"sceneViewState":{"m_AlwaysRefresh":false,"showFog":true,"showSkybox":true,"showFlares":true,"showImageEffects":true,"showParticleSystems":true,"showVisualEffectGraphs":true,"m_FxEnabled":true},"in2DMode":false,"pivot":{"x":5.716801643371582,"y":0.08163629472255707,"z":5.607182025909424},"rotation":{"x":0.018650343641638757,"y":-0.6464441418647766,"z":-0.017877481877803804,"w":-0.7632399201393127},"size":0.4243772029876709,"orthographic":false}