{"cameraMode":{"drawMode":31,"name":"Sprite Mask","section":"Miscellaneous"},"sceneLighting":true,"audioPlay":false,"sceneViewState":{"m_AlwaysRefresh":false,"showFog":true,"showSkybox":true,"showFlares":true,"showImageEffects":true,"showParticleSystems":true,"showVisualEffectGraphs":true,"m_FxEnabled":true},"in2DMode":false,"pivot":{"x":16.118911743164064,"y":2.27884840965271,"z":1.8077117204666138},"rotation":{"x":0.21895134449005128,"y":-0.030087735503911973,"z":0.0068215616047382359,"w":0.9754234552383423},"size":0.8660253882408142,"orthographic":false}