{"cameraMode":{"drawMode":0,"name":"Shaded","section":"Shading Mode"},"sceneLighting":true,"audioPlay":false,"sceneViewState":{"m_AlwaysRefresh":false,"showFog":true,"showSkybox":true,"showFlares":true,"showImageEffects":true,"showParticleSystems":true,"showVisualEffectGraphs":true,"m_FxEnabled":true},"in2DMode":false,"pivot":{"x":100.57648468017578,"y":1.9574640989303589,"z":10.356271743774414},"rotation":{"x":0.22913852334022523,"y":0.6816997528076172,"z":-0.23938356339931489,"w":0.6524347066879273},"size":2.963773727416992,"orthographic":false}