{"cameraMode":{"drawMode":0,"name":"Shaded","section":"Shading Mode"},"sceneLighting":true,"audioPlay":false,"sceneViewState":{"m_AlwaysRefresh":false,"showFog":true,"showSkybox":true,"showFlares":true,"showImageEffects":true,"showParticleSystems":true,"showVisualEffectGraphs":true,"m_FxEnabled":true},"in2DMode":false,"pivot":{"x":-53.10922622680664,"y":-32.5257682800293,"z":281.6752014160156},"rotation":{"x":0.11655106395483017,"y":0.012596740387380124,"z":-0.001438927953131497,"w":0.9932324886322022},"size":176.63504028320313,"orthographic":false}