{"cameraMode":{"drawMode":0,"name":"Shaded","section":"Shading Mode"},"sceneLighting":true,"audioPlay":false,"sceneViewState":{"m_AlwaysRefresh":false,"showFog":true,"showSkybox":true,"showFlares":true,"showImageEffects":true,"showParticleSystems":true,"showVisualEffectGraphs":true,"m_FxEnabled":true},"in2DMode":false,"pivot":{"x":16.297073364257814,"y":3.626803159713745,"z":58.09641647338867},"rotation":{"x":0.005982393864542246,"y":0.6321415901184082,"z":0.004964468535035849,"w":-0.774918794631958},"size":9.112541198730469,"orthographic":false}