{"cameraMode":{"drawMode":0,"name":"Shaded","section":"Shading Mode"},"sceneLighting":true,"audioPlay":false,"sceneViewState":{"m_AlwaysRefresh":false,"showFog":true,"showSkybox":true,"showFlares":true,"showImageEffects":true,"showParticleSystems":true,"showVisualEffectGraphs":true,"m_FxEnabled":true},"in2DMode":false,"pivot":{"x":105.91831970214844,"y":1.8640234470367432,"z":32.594112396240237},"rotation":{"x":0.009538016282022,"y":0.9326234459877014,"z":-0.021753860637545587,"w":0.3608720302581787},"size":9.087124824523926,"orthographic":false}