{"cameraMode":{"drawMode":0,"name":"Shaded","section":"Shading Mode"},"sceneLighting":true,"audioPlay":false,"sceneViewState":{"m_AlwaysRefresh":false,"showFog":true,"showSkybox":true,"showFlares":true,"showImageEffects":true,"showParticleSystems":true,"showVisualEffectGraphs":true,"m_FxEnabled":true},"in2DMode":false,"pivot":{"x":17.205883026123048,"y":3.8241007328033449,"z":13.485960960388184},"rotation":{"x":-0.07998215407133103,"y":-0.46295657753944399,"z":0.041528958827257159,"w":-0.8819931745529175},"size":2.963773727416992,"orthographic":false}