{"cameraMode":{"drawMode":0,"name":"Shaded","section":"Shading Mode"},"sceneLighting":true,"audioPlay":false,"sceneViewState":{"m_AlwaysRefresh":false,"showFog":true,"showSkybox":true,"showFlares":true,"showImageEffects":true,"showParticleSystems":true,"showVisualEffectGraphs":true,"m_FxEnabled":true},"in2DMode":false,"pivot":{"x":101.89411163330078,"y":13.828266143798829,"z":118.47147369384766},"rotation":{"x":-0.06281635165214539,"y":0.8973970413208008,"z":-0.13910530507564546,"w":-0.4149949550628662},"size":3.2512402534484865,"orthographic":false}