{"cameraMode":{"drawMode":0,"name":"Shaded","section":"Shading Mode"},"sceneLighting":true,"audioPlay":false,"sceneViewState":{"m_AlwaysRefresh":false,"showFog":true,"showSkybox":true,"showFlares":true,"showImageEffects":true,"showParticleSystems":true,"showVisualEffectGraphs":true,"m_FxEnabled":true},"in2DMode":false,"pivot":{"x":6.3884758949279789,"y":-127.86416625976563,"z":341.0985107421875},"rotation":{"x":-0.3335772454738617,"y":0.04373294860124588,"z":-0.016430526971817018,"w":-0.9424630403518677},"size":112.7100601196289,"orthographic":false}