{"cameraMode":{"drawMode":0,"name":"Shaded","section":"Shading Mode"},"sceneLighting":true,"audioPlay":false,"sceneViewState":{"m_AlwaysRefresh":false,"showFog":true,"showSkybox":true,"showFlares":true,"showImageEffects":true,"showParticleSystems":true,"showVisualEffectGraphs":true,"m_FxEnabled":true},"in2DMode":false,"pivot":{"x":5.046847343444824,"y":0.2658710479736328,"z":-6.028042793273926},"rotation":{"x":0.03324462100863457,"y":0.9470904469490051,"z":-0.10442741215229035,"w":0.30174580216407778},"size":8.069263458251954,"orthographic":false}