{"cameraMode":{"drawMode":0,"name":"Shaded","section":"Shading Mode"},"sceneLighting":true,"audioPlay":false,"sceneViewState":{"m_AlwaysRefresh":false,"showFog":true,"showSkybox":true,"showFlares":true,"showImageEffects":true,"showParticleSystems":true,"showVisualEffectGraphs":true,"m_FxEnabled":true},"in2DMode":false,"pivot":{"x":0.39113569259643557,"y":3.256779432296753,"z":0.09912357479333878},"rotation":{"x":0.06020325422286987,"y":0.37431278824806216,"z":-0.024390406906604768,"w":0.9250585436820984},"size":0.05423954129219055,"orthographic":false}