{"cameraMode":{"drawMode":31,"name":"Sprite Mask","section":"Miscellaneous"},"sceneLighting":true,"audioPlay":false,"sceneViewState":{"m_AlwaysRefresh":false,"showFog":true,"showSkybox":true,"showFlares":true,"showImageEffects":true,"showParticleSystems":true,"showVisualEffectGraphs":true,"m_FxEnabled":true},"in2DMode":false,"pivot":{"x":27.494064331054689,"y":2.2904105186462404,"z":107.73152160644531},"rotation":{"x":-0.06048816815018654,"y":0.6541993618011475,"z":-0.054244350641965869,"w":-0.7522585988044739},"size":1.4660253524780274,"orthographic":false}