{"cameraMode":{"drawMode":0,"name":"Shaded","section":"Shading Mode"},"sceneLighting":true,"audioPlay":false,"sceneViewState":{"m_AlwaysRefresh":false,"showFog":true,"showSkybox":true,"showFlares":true,"showImageEffects":true,"showParticleSystems":true,"showVisualEffectGraphs":true,"m_FxEnabled":true},"in2DMode":false,"pivot":{"x":1.0925401449203492,"y":3.244454860687256,"z":1.8413392305374146},"rotation":{"x":0.015672819688916208,"y":-0.2516610622406006,"z":-0.004069906659424305,"w":-0.9677882790565491},"size":0.8448834419250488,"orthographic":false}