{"cameraMode":{"drawMode":0,"name":"Shaded","section":"Shading Mode"},"sceneLighting":true,"audioPlay":false,"sceneViewState":{"m_AlwaysRefresh":false,"showFog":true,"showSkybox":true,"showFlares":true,"showImageEffects":true,"showParticleSystems":true,"showVisualEffectGraphs":true,"m_FxEnabled":true},"in2DMode":false,"pivot":{"x":109.95816802978516,"y":3.9557855129241945,"z":59.378746032714847},"rotation":{"x":-0.2537350058555603,"y":0.4179370105266571,"z":-0.11502335965633393,"w":-0.8655149936676025},"size":1.0237154960632325,"orthographic":false}