{"cameraMode":{"drawMode":0,"name":"Shaded","section":"Shading Mode"},"sceneLighting":true,"audioPlay":false,"sceneViewState":{"m_AlwaysRefresh":false,"showFog":true,"showSkybox":true,"showFlares":true,"showImageEffects":true,"showParticleSystems":true,"showVisualEffectGraphs":true,"m_FxEnabled":true},"in2DMode":false,"pivot":{"x":30.173206329345704,"y":-2.9375672340393068,"z":72.72616577148438},"rotation":{"x":-0.04193872958421707,"y":-0.16772028803825379,"z":0.005269912071526051,"w":-0.9853305220603943},"size":38.017642974853519,"orthographic":false}