{"cameraMode":{"drawMode":31,"name":"Sprite Mask","section":"Miscellaneous"},"sceneLighting":true,"audioPlay":false,"sceneViewState":{"m_AlwaysRefresh":false,"showFog":true,"showSkybox":true,"showFlares":true,"showImageEffects":true,"showParticleSystems":true,"showVisualEffectGraphs":true,"m_FxEnabled":true},"in2DMode":false,"pivot":{"x":44.93681335449219,"y":38.846866607666019,"z":7.452171325683594},"rotation":{"x":-0.3128422200679779,"y":0.029993722215294839,"z":-0.010917731560766697,"w":-0.9495031237602234},"size":1.1660254001617432,"orthographic":false}