{"cameraMode":{"drawMode":0,"name":"Shaded","section":"Shading Mode"},"sceneLighting":true,"audioPlay":false,"sceneViewState":{"m_AlwaysRefresh":false,"showFog":true,"showSkybox":true,"showFlares":true,"showImageEffects":true,"showParticleSystems":true,"showVisualEffectGraphs":true,"m_FxEnabled":true},"in2DMode":false,"pivot":{"x":-0.021106455475091935,"y":0.4302651584148407,"z":1.810219407081604},"rotation":{"x":-0.3619961142539978,"y":0.044217053800821307,"z":-0.01705951988697052,"w":-0.931052565574646},"size":3.998300790786743,"orthographic":false}