{"cameraMode":{"drawMode":0,"name":"Shaded","section":"Shading Mode"},"sceneLighting":true,"audioPlay":false,"sceneViewState":{"m_AlwaysRefresh":false,"showFog":true,"showSkybox":true,"showFlares":true,"showImageEffects":true,"showParticleSystems":true,"showVisualEffectGraphs":true,"m_FxEnabled":true},"in2DMode":false,"pivot":{"x":35.319820404052737,"y":-3.0692813396453859,"z":5.056551456451416},"rotation":{"x":0.054188620299100879,"y":0.8430217504501343,"z":-0.08292120695114136,"w":0.5296115279197693},"size":20.936180114746095,"orthographic":false}