{"cameraMode":{"drawMode":0,"name":"Shaded","section":"Shading Mode"},"sceneLighting":true,"audioPlay":false,"sceneViewState":{"m_AlwaysRefresh":false,"showFog":true,"showSkybox":true,"showFlares":true,"showImageEffects":true,"showParticleSystems":true,"showVisualEffectGraphs":true,"m_FxEnabled":true},"in2DMode":false,"pivot":{"x":-39.71358871459961,"y":-20.47779083251953,"z":-25.478546142578126},"rotation":{"x":0.0025951217394322159,"y":-0.9516986012458801,"z":0.30682453513145449,"w":0.011519672349095345},"size":48.19257736206055,"orthographic":false}