{"cameraMode":{"drawMode":0,"name":"Shaded","section":"Shading Mode"},"sceneLighting":true,"audioPlay":false,"sceneViewState":{"m_AlwaysRefresh":false,"showFog":true,"showSkybox":true,"showFlares":true,"showImageEffects":true,"showParticleSystems":true,"showVisualEffectGraphs":true,"m_FxEnabled":true},"in2DMode":false,"pivot":{"x":15.450655937194825,"y":1.59257972240448,"z":57.359413146972659},"rotation":{"x":0.004007382784038782,"y":0.9985508322715759,"z":-0.05815070495009422,"w":0.01828807406127453},"size":2.72576642036438,"orthographic":false}