{"cameraMode":{"drawMode":0,"name":"Shaded","section":"Shading Mode"},"sceneLighting":true,"audioPlay":false,"sceneViewState":{"m_AlwaysRefresh":false,"showFog":true,"showSkybox":true,"showFlares":true,"showImageEffects":true,"showParticleSystems":true,"showVisualEffectGraphs":true,"m_FxEnabled":true},"in2DMode":false,"pivot":{"x":-500.2861022949219,"y":-0.19655774533748628,"z":132.52780151367188},"rotation":{"x":0.003403157228603959,"y":-0.6106644868850708,"z":0.001010875916108489,"w":0.7922810316085815},"size":261.4612731933594,"orthographic":false}