{"cameraMode":{"drawMode":0,"name":"Shaded","section":"Shading Mode"},"sceneLighting":true,"audioPlay":false,"sceneViewState":{"m_AlwaysRefresh":false,"showFog":true,"showSkybox":true,"showFlares":true,"showImageEffects":true,"showParticleSystems":true,"showVisualEffectGraphs":true,"m_FxEnabled":true},"in2DMode":false,"pivot":{"x":1.4064736366271973,"y":16.192663192749025,"z":54.0627326965332},"rotation":{"x":-0.08582678437232971,"y":-0.47800660133361819,"z":0.046602554619312289,"w":-0.8730188012123108},"size":2.5337719917297365,"orthographic":false}