{"cameraMode":{"drawMode":0,"name":"Shaded","section":"Shading Mode"},"sceneLighting":true,"audioPlay":false,"sceneViewState":{"m_AlwaysRefresh":false,"showFog":true,"showSkybox":true,"showFlares":true,"showImageEffects":true,"showParticleSystems":true,"showVisualEffectGraphs":true,"m_FxEnabled":true},"in2DMode":false,"pivot":{"x":12.666315078735352,"y":2.3145880699157717,"z":154.0383758544922},"rotation":{"x":0.0006347440648823977,"y":-0.8063235282897949,"z":0.010898175649344921,"w":0.5923648476600647},"size":2.4494898319244386,"orthographic":false}