{"cameraMode":{"drawMode":0,"name":"Shaded","section":"Shading Mode"},"sceneLighting":true,"audioPlay":false,"sceneViewState":{"m_AlwaysRefresh":false,"showFog":true,"showSkybox":true,"showFlares":true,"showImageEffects":true,"showParticleSystems":true,"showVisualEffectGraphs":true,"m_FxEnabled":true},"in2DMode":false,"pivot":{"x":3.4179084300994875,"y":2.2624032497406008,"z":4.061723709106445},"rotation":{"x":0.032978933304548267,"y":-0.11004364490509033,"z":-0.004622659180313349,"w":-0.9939379096031189},"size":1.0243772268295289,"orthographic":false}