{"cameraMode":{"drawMode":0,"name":"Shaded","section":"Shading Mode"},"sceneLighting":true,"audioPlay":false,"sceneViewState":{"m_AlwaysRefresh":false,"showFog":true,"showSkybox":true,"showFlares":true,"showImageEffects":true,"showParticleSystems":true,"showVisualEffectGraphs":true,"m_FxEnabled":true},"in2DMode":false,"pivot":{"x":0.4962947368621826,"y":1.9832876920700074,"z":88.20818328857422},"rotation":{"x":-0.04558979719877243,"y":-0.9499842524528503,"z":0.26900237798690798,"w":-0.15454638004302979},"size":1.2247449159622193,"orthographic":false}