{"cameraMode":{"drawMode":0,"name":"Shaded","section":"Shading Mode"},"sceneLighting":true,"audioPlay":false,"sceneViewState":{"m_AlwaysRefresh":false,"showFog":true,"showSkybox":true,"showFlares":true,"showImageEffects":true,"showParticleSystems":true,"showVisualEffectGraphs":true,"m_FxEnabled":true},"in2DMode":false,"pivot":{"x":0.01603752374649048,"y":3.4000000953674318,"z":1.4471999406814576},"rotation":{"x":0.11518625915050507,"y":0.0312848724424839,"z":-0.00362955080345273,"w":0.9928449392318726},"size":1.1916418075561524,"orthographic":false}