{"cameraMode":{"drawMode":0,"name":"Shaded","section":"Shading Mode"},"sceneLighting":false,"audioPlay":false,"sceneViewState":{"m_AlwaysRefresh":false,"showFog":true,"showSkybox":false,"showFlares":true,"showImageEffects":true,"showParticleSystems":true,"showVisualEffectGraphs":true,"m_FxEnabled":true},"in2DMode":false,"pivot":{"x":0.6688377261161804,"y":-0.4545591473579407,"z":14.871139526367188},"rotation":{"x":0.19967785477638246,"y":0.46667248010635378,"z":-0.10902538895606995,"w":0.8547484874725342},"size":4.6565351486206059,"orthographic":false}