{"cameraMode":{"drawMode":31,"name":"Sprite Mask","section":"Miscellaneous"},"sceneLighting":true,"audioPlay":false,"sceneViewState":{"m_AlwaysRefresh":false,"showFog":true,"showSkybox":false,"showFlares":true,"showImageEffects":true,"showParticleSystems":true,"showVisualEffectGraphs":true,"m_FxEnabled":true},"in2DMode":false,"pivot":{"x":4.412264347076416,"y":-10.243383407592774,"z":34.96757125854492},"rotation":{"x":-0.19556798040866853,"y":-0.020409980788826944,"z":0.002961845137178898,"w":-0.9807133078575134},"size":18.95256233215332,"orthographic":false}