{"cameraMode":{"drawMode":31,"name":"Sprite Mask","section":"Miscellaneous"},"sceneLighting":true,"audioPlay":false,"sceneViewState":{"m_AlwaysRefresh":false,"showFog":true,"showSkybox":false,"showFlares":true,"showImageEffects":true,"showParticleSystems":true,"showVisualEffectGraphs":true,"m_FxEnabled":true},"in2DMode":false,"pivot":{"x":-0.030428171157836915,"y":-3.4583468437194826,"z":37.42223358154297},"rotation":{"x":-0.1020551547408104,"y":0.03612466901540756,"z":-0.004598848521709442,"w":-0.9943456649780273},"size":18.95256233215332,"orthographic":false}