{"cameraMode":{"drawMode":31,"name":"Sprite Mask","section":"Miscellaneous"},"sceneLighting":false,"audioPlay":false,"sceneViewState":{"m_AlwaysRefresh":false,"showFog":true,"showSkybox":false,"showFlares":true,"showImageEffects":true,"showParticleSystems":true,"showVisualEffectGraphs":true,"m_FxEnabled":true},"in2DMode":false,"pivot":{"x":0.046533212065696719,"y":-1.0630906820297242,"z":0.08763265609741211},"rotation":{"x":0.003915977664291859,"y":0.9952328205108643,"z":-0.08712323755025864,"w":0.04657904803752899},"size":1.0233445167541505,"orthographic":false}