{"cameraMode":{"drawMode":31,"name":"Sprite Mask","section":"Miscellaneous"},"sceneLighting":true,"audioPlay":false,"sceneViewState":{"m_AlwaysRefresh":false,"showFog":true,"showSkybox":false,"showFlares":true,"showImageEffects":true,"showParticleSystems":true,"showVisualEffectGraphs":true,"m_FxEnabled":true},"in2DMode":false,"pivot":{"x":1.7462544441223145,"y":1.0398263931274415,"z":-6.614041805267334},"rotation":{"x":-0.008653607219457627,"y":-0.9806284308433533,"z":0.19095301628112794,"w":-0.04533226042985916},"size":6.685934066772461,"orthographic":false}