{"cameraMode":{"drawMode":31,"name":"Sprite Mask","section":"Miscellaneous"},"sceneLighting":false,"audioPlay":false,"sceneViewState":{"m_AlwaysRefresh":false,"showFog":true,"showSkybox":false,"showFlares":true,"showImageEffects":true,"showParticleSystems":true,"showVisualEffectGraphs":true,"m_FxEnabled":true},"in2DMode":false,"pivot":{"x":-0.011693239212036133,"y":0.5815343260765076,"z":-0.8211824297904968},"rotation":{"x":0.05107469484210014,"y":0.3881731927394867,"z":0.02238856442272663,"w":-0.9200737476348877},"size":0.45979616045951846,"orthographic":false}