{"cameraMode":{"drawMode":31,"name":"Sprite Mask","section":"Miscellaneous"},"sceneLighting":false,"audioPlay":false,"sceneViewState":{"m_AlwaysRefresh":false,"showFog":true,"showSkybox":false,"showFlares":true,"showImageEffects":true,"showParticleSystems":true,"showVisualEffectGraphs":true,"m_FxEnabled":true},"in2DMode":false,"pivot":{"x":0.11141985654830933,"y":0.4024578034877777,"z":-0.712373673915863},"rotation":{"x":-0.03995906561613083,"y":0.3041856288909912,"z":-0.01199414674192667,"w":-0.9518688321113586},"size":0.45979616045951846,"orthographic":false}