{"cameraMode":{"drawMode":31,"name":"Sprite Mask","section":"Miscellaneous"},"sceneLighting":false,"audioPlay":false,"sceneViewState":{"m_AlwaysRefresh":false,"showFog":true,"showSkybox":false,"showFlares":true,"showImageEffects":true,"showParticleSystems":true,"showVisualEffectGraphs":true,"m_FxEnabled":true},"in2DMode":false,"pivot":{"x":0.24497631192207337,"y":-0.6665412187576294,"z":1.7645148038864136},"rotation":{"x":0.001153821125626564,"y":0.9988130927085877,"z":-0.03778914734721184,"w":0.034732721745967868},"size":1.0233445167541505,"orthographic":false}