{"cameraMode":{"drawMode":31,"name":"Sprite Mask","section":"Miscellaneous"},"sceneLighting":false,"audioPlay":false,"sceneViewState":{"m_AlwaysRefresh":false,"showFog":true,"showSkybox":false,"showFlares":true,"showImageEffects":true,"showParticleSystems":true,"showVisualEffectGraphs":true,"m_FxEnabled":true},"in2DMode":false,"pivot":{"x":-0.6660956740379334,"y":0.8161635398864746,"z":0.18807564675807954},"rotation":{"x":0.18956689536571504,"y":0.04185882583260536,"z":-0.007266166619956493,"w":0.9812142848968506},"size":3.8384480476379396,"orthographic":false}