{"cameraMode":{"drawMode":31,"name":"Sprite Mask","section":"Miscellaneous"},"sceneLighting":false,"audioPlay":false,"sceneViewState":{"m_AlwaysRefresh":false,"showFog":true,"showSkybox":false,"showFlares":true,"showImageEffects":true,"showParticleSystems":true,"showVisualEffectGraphs":true,"m_FxEnabled":true},"in2DMode":false,"pivot":{"x":0.19944985210895539,"y":1.1446219682693482,"z":-2.548323154449463},"rotation":{"x":0.06549929082393646,"y":0.08719788491725922,"z":0.0046833353117108349,"w":-0.9942666888237},"size":0.5384484529495239,"orthographic":false}