{"cameraMode":{"drawMode":31,"name":"Sprite Mask","section":"Miscellaneous"},"sceneLighting":false,"audioPlay":false,"sceneViewState":{"m_AlwaysRefresh":false,"showFog":true,"showSkybox":false,"showFlares":true,"showImageEffects":true,"showParticleSystems":true,"showVisualEffectGraphs":true,"m_FxEnabled":true},"in2DMode":false,"pivot":{"x":2.0236799716949465,"y":5.556667804718018,"z":0.7196149826049805},"rotation":{"x":0.22908593714237214,"y":0.11716532707214356,"z":-0.027693811804056169,"w":0.9661183953285217},"size":8.788698196411133,"orthographic":false}