{"cameraMode":{"drawMode":31,"name":"Sprite Mask","section":"Miscellaneous"},"sceneLighting":false,"audioPlay":false,"sceneViewState":{"m_AlwaysRefresh":false,"showFog":true,"showSkybox":false,"showFlares":true,"showImageEffects":true,"showParticleSystems":true,"showVisualEffectGraphs":true,"m_FxEnabled":true},"in2DMode":false,"pivot":{"x":-1.3493428230285645,"y":1.487926721572876,"z":1.5395315885543824},"rotation":{"x":0.20949897170066834,"y":0.14240962266921998,"z":-0.030689889565110208,"w":0.9670866131782532},"size":3.646253824234009,"orthographic":false}