{"cameraMode":{"drawMode":0,"name":"Shaded","section":"Shading Mode"},"sceneLighting":false,"audioPlay":false,"sceneViewState":{"m_AlwaysRefresh":false,"showFog":true,"showSkybox":false,"showFlares":true,"showImageEffects":true,"showParticleSystems":true,"showVisualEffectGraphs":true,"m_FxEnabled":true},"in2DMode":false,"pivot":{"x":0.013037443161010743,"y":0.002949446439743042,"z":0.08882303535938263},"rotation":{"x":0.12392038106918335,"y":0.8753315210342407,"z":-0.3104340136051178,"w":0.3494151830673218},"size":0.9570066332817078,"orthographic":false}