{"cameraMode":{"drawMode":0,"name":"Shaded","section":"Shading Mode"},"sceneLighting":false,"audioPlay":false,"sceneViewState":{"m_AlwaysRefresh":false,"showFog":true,"showSkybox":false,"showFlares":true,"showImageEffects":true,"showParticleSystems":true,"showVisualEffectGraphs":true,"m_FxEnabled":true},"in2DMode":false,"pivot":{"x":3.676790714263916,"y":3.99133563041687,"z":30.44293212890625},"rotation":{"x":0.007489635143429041,"y":0.04223877191543579,"z":-0.00034619818325154483,"w":0.9991479516029358},"size":13.811614036560059,"orthographic":false}