{"cameraMode":{"drawMode":0,"name":"Shaded","section":"Shading Mode"},"sceneLighting":false,"audioPlay":false,"sceneViewState":{"m_AlwaysRefresh":false,"showFog":true,"showSkybox":false,"showFlares":true,"showImageEffects":true,"showParticleSystems":true,"showVisualEffectGraphs":true,"m_FxEnabled":true},"in2DMode":false,"pivot":{"x":-0.5953120589256287,"y":1.2535607814788819,"z":1.7580527067184449},"rotation":{"x":0.014965641312301159,"y":-0.9655606746673584,"z":0.25356587767601015,"w":0.05714554712176323},"size":1.4659318923950196,"orthographic":false}