{"cameraMode":{"drawMode":0,"name":"Shaded","section":"Shading Mode"},"sceneLighting":false,"audioPlay":false,"sceneViewState":{"m_AlwaysRefresh":false,"showFog":true,"showSkybox":false,"showFlares":true,"showImageEffects":true,"showParticleSystems":true,"showVisualEffectGraphs":true,"m_FxEnabled":true},"in2DMode":false,"pivot":{"x":1.2590970993041993,"y":3.3010072708129885,"z":-0.22828149795532227},"rotation":{"x":-0.3326290249824524,"y":-0.21408037841320039,"z":0.07782743126153946,"w":-0.9152199029922485},"size":5.537219047546387,"orthographic":false}