{"cameraMode":{"drawMode":31,"name":"Sprite Mask","section":"Miscellaneous"},"sceneLighting":true,"audioPlay":false,"sceneViewState":{"m_AlwaysRefresh":false,"showFog":true,"showSkybox":false,"showFlares":true,"showImageEffects":true,"showParticleSystems":true,"showVisualEffectGraphs":true,"m_FxEnabled":true},"in2DMode":false,"pivot":{"x":17.071237564086915,"y":4.159978866577148,"z":13.963333129882813},"rotation":{"x":-0.00018231733702123165,"y":-0.5726296305656433,"z":0.0002813329338096082,"w":-0.8199493288993836},"size":15.423151969909668,"orthographic":false}