{"cameraMode":{"drawMode":31,"name":"Sprite Mask","section":"Miscellaneous"},"sceneLighting":true,"audioPlay":false,"sceneViewState":{"m_AlwaysRefresh":false,"showFog":true,"showSkybox":false,"showFlares":true,"showImageEffects":true,"showParticleSystems":true,"showVisualEffectGraphs":true,"m_FxEnabled":true},"in2DMode":false,"pivot":{"x":10.709212303161621,"y":0.007620334625244141,"z":23.9200382232666},"rotation":{"x":-0.061926450580358508,"y":-0.40333324670791628,"z":0.027520446106791498,"w":-0.9126618504524231},"size":15.423151969909668,"orthographic":false}