{"cameraMode":{"drawMode":0,"name":"Shaded","section":"Shading Mode"},"sceneLighting":false,"audioPlay":false,"sceneViewState":{"m_AlwaysRefresh":false,"showFog":true,"showSkybox":false,"showFlares":true,"showImageEffects":true,"showParticleSystems":true,"showVisualEffectGraphs":true,"m_FxEnabled":true},"in2DMode":false,"pivot":{"x":-2.000000238418579,"y":-0.21525606513023377,"z":3.8433876037597658},"rotation":{"x":-0.0014422287931665779,"y":-0.9678615927696228,"z":-0.003765349043533206,"w":-0.2533614933490753},"size":0.5095734000205994,"orthographic":false}