{"cameraMode":{"drawMode":0,"name":"Shaded","section":"Shading Mode"},"sceneLighting":false,"audioPlay":false,"sceneViewState":{"m_AlwaysRefresh":false,"showFog":true,"showSkybox":false,"showFlares":true,"showImageEffects":true,"showParticleSystems":true,"showVisualEffectGraphs":true,"m_FxEnabled":true},"in2DMode":false,"pivot":{"x":-2.989971876144409,"y":3.717810869216919,"z":-0.40996742248535159},"rotation":{"x":-0.0035750686656683685,"y":0.986871063709259,"z":-0.160079225897789,"w":-0.021907590329647065},"size":3.8889262676239015,"orthographic":false}