{"cameraMode":{"drawMode":0,"name":"Shaded","section":"Shading Mode"},"sceneLighting":false,"audioPlay":false,"sceneViewState":{"m_AlwaysRefresh":false,"showFog":true,"showSkybox":false,"showFlares":true,"showImageEffects":true,"showParticleSystems":true,"showVisualEffectGraphs":true,"m_FxEnabled":true},"in2DMode":false,"pivot":{"x":0.0030384957790374758,"y":0.10453179478645325,"z":0.017990842461586},"rotation":{"x":0.07381080836057663,"y":0.5204047560691834,"z":-0.04533043131232262,"w":0.849521815776825},"size":0.2370983362197876,"orthographic":false}