{"cameraMode":{"drawMode":31,"name":"Sprite Mask","section":"Miscellaneous"},"sceneLighting":false,"audioPlay":false,"sceneViewState":{"m_AlwaysRefresh":false,"showFog":true,"showSkybox":false,"showFlares":true,"showImageEffects":true,"showParticleSystems":true,"showVisualEffectGraphs":true,"m_FxEnabled":true},"in2DMode":false,"pivot":{"x":-0.0255279541015625,"y":2.0089054107666017,"z":0.022194966673851014},"rotation":{"x":0.103020578622818,"y":0.34106993675231936,"z":-0.037428803741931918,"w":0.9338206648826599},"size":3.6573173999786379,"orthographic":false}