{"cameraMode":{"drawMode":0,"name":"Shaded","section":"Shading Mode"},"sceneLighting":true,"audioPlay":false,"sceneViewState":{"m_AlwaysRefresh":false,"showFog":true,"showSkybox":false,"showFlares":true,"showImageEffects":true,"showParticleSystems":true,"showVisualEffectGraphs":true,"m_FxEnabled":true},"in2DMode":false,"pivot":{"x":6.000000476837158,"y":3.1312499046325685,"z":6.000000476837158},"rotation":{"x":0.02483002468943596,"y":0.6907691955566406,"z":-0.02394496090710163,"w":0.7224409580230713},"size":16.439958572387697,"orthographic":false}