{"cameraMode":{"drawMode":31,"name":"Sprite Mask","section":"Miscellaneous"},"sceneLighting":false,"audioPlay":false,"sceneViewState":{"m_AlwaysRefresh":false,"showFog":true,"showSkybox":false,"showFlares":true,"showImageEffects":true,"showParticleSystems":true,"showVisualEffectGraphs":true,"m_FxEnabled":true},"in2DMode":false,"pivot":{"x":0.7816448211669922,"y":2.2843058109283449,"z":-4.598883628845215},"rotation":{"x":0.04380059242248535,"y":-0.04072078317403793,"z":0.001036520698107779,"w":0.9984038472175598},"size":2.4219095706939699,"orthographic":false}