{"cameraMode":{"drawMode":31,"name":"Sprite Mask","section":"Miscellaneous"},"sceneLighting":false,"audioPlay":false,"sceneViewState":{"m_AlwaysRefresh":false,"showFog":true,"showSkybox":false,"showFlares":true,"showImageEffects":true,"showParticleSystems":true,"showVisualEffectGraphs":true,"m_FxEnabled":true},"in2DMode":false,"pivot":{"x":-0.20546388626098634,"y":-5.102568626403809,"z":-1.6430225372314454},"rotation":{"x":0.0034809154458343984,"y":-0.9924542903900147,"z":0.019534576684236528,"w":0.12304525077342987},"size":2.4219095706939699,"orthographic":false}