{"cameraMode":{"drawMode":31,"name":"Sprite Mask","section":"Miscellaneous"},"sceneLighting":false,"audioPlay":false,"sceneViewState":{"m_AlwaysRefresh":false,"showFog":true,"showSkybox":false,"showFlares":true,"showImageEffects":true,"showParticleSystems":true,"showVisualEffectGraphs":true,"m_FxEnabled":true},"in2DMode":false,"pivot":{"x":1.4457758665084839,"y":0.5105016231536865,"z":1.5969746112823487},"rotation":{"x":-0.0023058129008859398,"y":0.9340711832046509,"z":0.35766249895095827,"w":0.0029041555244475605},"size":2.4219095706939699,"orthographic":false}