{"cameraMode":{"drawMode":0,"name":"Shaded","section":"Shading Mode"},"sceneLighting":true,"audioPlay":false,"sceneViewState":{"m_AlwaysRefresh":false,"showFog":true,"showSkybox":false,"showFlares":true,"showImageEffects":true,"showParticleSystems":true,"showVisualEffectGraphs":true,"m_FxEnabled":true},"in2DMode":false,"pivot":{"x":-0.012000083923339844,"y":0.40400004386901858,"z":0.30699992179870608},"rotation":{"x":-0.003369229380041361,"y":-0.9949538707733154,"z":0.10222147405147553,"w":0.03443675860762596},"size":4.849742412567139,"orthographic":false}