{"cameraMode":{"drawMode":31,"name":"Sprite Mask","section":"Miscellaneous"},"sceneLighting":false,"audioPlay":false,"sceneViewState":{"m_AlwaysRefresh":false,"showFog":true,"showSkybox":false,"showFlares":true,"showImageEffects":true,"showParticleSystems":true,"showVisualEffectGraphs":true,"m_FxEnabled":true},"in2DMode":false,"pivot":{"x":-0.012000083923339844,"y":0.40400004386901858,"z":0.30699992179870608},"rotation":{"x":0.11394660919904709,"y":0.04137933999300003,"z":-0.0057240743190050129,"w":0.9928171038627625},"size":4.849742412567139,"orthographic":false}