{"cameraMode":{"drawMode":31,"name":"Sprite Mask","section":"Miscellaneous"},"sceneLighting":false,"audioPlay":false,"sceneViewState":{"m_AlwaysRefresh":false,"showFog":true,"showSkybox":false,"showFlares":true,"showImageEffects":true,"showParticleSystems":true,"showVisualEffectGraphs":true,"m_FxEnabled":true},"in2DMode":false,"pivot":{"x":1.5350056886672974,"y":2.0115575790405275,"z":-3.522002696990967},"rotation":{"x":0.23511995375156403,"y":0.010895171202719212,"z":-0.0024549716617912056,"w":0.9720963835716248},"size":4.24513578414917,"orthographic":false}