{"cameraMode":{"drawMode":0,"name":"Shaded","section":"Shading Mode"},"sceneLighting":true,"audioPlay":false,"sceneViewState":{"m_AlwaysRefresh":false,"showFog":true,"showSkybox":false,"showFlares":true,"showImageEffects":true,"showParticleSystems":true,"showVisualEffectGraphs":true,"m_FxEnabled":true},"in2DMode":false,"pivot":{"x":-1.1600428819656373,"y":3.034801483154297,"z":0.7099188566207886},"rotation":{"x":-0.016132675111293794,"y":0.5282039642333984,"z":-0.010035010054707528,"w":-0.8489129543304443},"size":1.563500165939331,"orthographic":false}